{
    "test_losses": {
        "Baseline": 0.011091051626205444,
        "Simple": 0.00477125876545906,
        "Adapter": 0.0034705780014395713,
        "LoRA": 0.003561685261130333
    },
    "test_accuracies": {
        "Baseline": 50.28,
        "Simple": 87.96,
        "Adapter": 92.24,
        "LoRA": 91.6
    },
    "train_losses": {
        "Simple": 0.004574389885237187,
        "Adapter": 0.002548877227821468,
        "LoRA": 0.0030104476746953563
    },
    "train_accuracies": {
        "Simple": 87.77283950617284,
        "Adapter": 93.8716049382716,
        "LoRA": 92.93333333333334
    },
    "training_times": {
        "Simple": 1.48085501478778,
        "Adapter": 1.060074017180337,
        "LoRA": 1.192717916170756
    },
    "trainable_params": {
        "Simple": 0.8843699672362083,
        "Adapter": 0.4547443455056719,
        "LoRA": 0.8732333252902804
    }
}